{
  "config": {
    "abort": {
      "forgot_password": "The Forgot Password page was detected. This normally is the result of too may failed logins. Amazon may require action before a relogin can be attempted.",
      "login_failed": "Alexa Media Player failed to login.",
      "reauth_successful": "Alexa Media Player successfully reauthenticated. Please ignore the \"Aborted\" message from HA."
    },
    "error": {
      "connection_error": "Error connecting; check network and retry",
      "identifier_exists": "Email for Alexa URL already registered",
      "invalid_credentials": "Invalid credentials",
      "invalid_url": "URL is invalid: {message}",
      "2fa_key_invalid": "Invalid Built-In 2FA key",
      "unable_to_connect_hass_url": "Unable to connect to Home Assistant URL. Please check the Internal URL under Configuration -> General",
      "unknown_error": "Unknown error: {message}"
    },
    "step": {
      "user": {
        "data": {
          "url": "Amazon region domain (e.g., amazon.co.uk)",
          "email": "Email Address",
          "password": "Password",
          "securitycode": "[%key_id:55616596%]",
          "otp_secret": "Built-in 2FA App Key - This is 52 characters, not six!",
          "hass_url": "Local URL to access Home Assistant",
          "public_url": "Public Url to access Home Assistant",
          "include_devices": "Included device (comma separated)",
          "exclude_devices": "Excluded device (comma separated)",
          "scan_interval": "Seconds between scans",
          "queue_delay": "Seconds to wait to queue commands together",
          "extended_entity_discovery": "Include devices connected via Echo",
          "debug": "Advanced debugging"
        },
        "description": "Required *",
        "title": "Alexa Media Player - Configuration"
      },
      "proxy_warning": {
        "data": {
          "proxy_warning": "Ignore and Continue - I understand that no support for login issues are provided for bypassing this warning."
        },
        "description": "The HA server cannot connect to the URL provided: {hass_url}.\n> {error}\n\nTo fix this, please confirm your **HA server** can reach {hass_url}. This field is from the External URL under Configuration -> General but you can try your internal URL.\n\nIf you are **certain** your client can reach this URL, you can bypass this warning.",
        "title": "Alexa Media Player - Unable to Connect to HA URL"
      },
      "totp_register": {
        "data": {
          "registered": "OTP from the Built-in 2FA App Key confirmed successfully."
        },
        "description": "**{email} - alexa.{url}**  \nHave you successfully confirmed an OTP from the Built-in 2FA App Key with Amazon?  \n >OTP Code {message}",
        "title": "Alexa Media Player - OTP Confirmation"
      }
    }
  },
  "options": {
    "step": {
      "init": {
        "data": {
          "public_url": "Public URL to access Home Assistant (including trailing '/')",
          "include_devices": "Included device (comma separated)",
          "exclude_devices": "Excluded device (comma separated)",
          "scan_interval": "Seconds between scans",
          "queue_delay": "Seconds to wait to queue commands together",
          "extended_entity_discovery": "Include devices connected via Echo",
          "debug": "Advanced debugging"
        },
        "description": "Required *",
        "title": "Alexa Media Player - Reconfiguration"
      }
    }
  },
  "services": {
    "clear_history": {
      "name": "Clear Amazon Voice History",
      "description": "Clear last entries from Alexa Voice history for each Alexa account.",
      "fields": {
        "email": {
          "name": "Email address",
          "description": "Accounts to clear. Empty will clear all."
        },
        "entries": {
          "name": "Number of Entries",
          "description": "Number of entries to clear from 1 to 50. If empty, clear 50."
        }
      }
    },
    "force_logout": {
      "name": "Force Logout",
      "description": "Force account to logout. Used mainly for debugging.",
      "fields": {
        "email": {
          "name": "Email address",
          "description": "Accounts to clear. Empty will clear all."
        }
      }
    },
    "update_last_called": {
      "name": "Update Last Called Sensor",
      "description": "Forces update of last_called echo device for each Alexa account.",
      "fields": {
        "email": {
          "name": "Email address",
          "description": "List of Alexa accounts to update. If empty, will update all known accounts."
        }
      }
    }
  }
}
