{
  "config": {
    "abort": {
      "forgot_password": "La page \"Mot de passe oublié\" a été détectée. Ceci est normalement le résultat d'un trop grand nombre d'échecs de connexion. Amazon peut exiger une action avant qu'une nouvelle connexion puisse être tentée.",
      "login_failed": "Alexa Media Player n'a pas réussi à se connecter.",
      "reauth_successful": "Alexa Media Player s'est ré-authentifié avec succès."
    },
    "error": {
      "2fa_key_invalid": "Clé 2FA intégrée non valide",
      "connection_error": "Erreur de connexion; vérifier le réseau et réessayer",
      "identifier_exists": "Email pour l'URL Alexa déjà enregistré",
      "invalid_credentials": "Informations d'identification invalides",
      "invalid_url": "L'URL n'est pas valide: {message}",
      "unable_to_connect_hass_url": "Impossible de se connecter à l'URL de Home Assistant. Veuillez vérifier l'URL interne sous Configuration - > Général",
      "unknown_error": "Erreur inconnue, veuillez signaler les informations du journal: {message}"
    },
    "step": {
      "proxy_warning": {
        "data": {
          "proxy_warning": "Ignorer et continuer - Je comprends qu'aucune assistance pour les problèmes de connexion n'est fournie pour contourner cet avertissement."
        },
        "description": "Le serveur HA ne peut pas se connecter à l'URL fournie: {hass_url}.\n > {error} \n\n Pour résoudre ce problème, veuillez confirmer que votre **serveur HA** peut atteindre {hass_url}. Ce champ provient de l'URL externe sous Configuration - > Général mais vous pouvez essayer votre URL interne. \n\n Si vous êtes **certain** que votre client peut accéder à cette URL, vous pouvez ignorer cet avertissement.",
        "title": "Alexa Media Player - Impossible de se connecter à HA URL"
      },
      "totp_register": {
        "data": {
          "registered": "OTP de la clé d'application 2FA intégrée confirmée avec succès."
        },
        "description": "** {email} - alexa. {url} **\n Avez-vous confirmé avec succès un OTP à partir de la clé d'application 2FA intégrée avec Amazon?\n > Code OTP {message}",
        "title": "Alexa Media Player - OTP Confirmation"
      },
      "user": {
        "data": {
          "debug": "Débogage avancé",
          "email": "Adresse Email",
          "exclude_devices": "Appareil exclu (séparé par des virgules)",
          "extended_entity_discovery": "Inclure les appareils connectés via Echo",
          "hass_url": "URL pour accéder à Home Assistant",
          "include_devices": "Appareil inclus (séparé par des virgules)",
          "otp_secret": "Clé d'application 2FA (2 facteurs) intégrée (génère automatiquement des codes 2FA). Il ne s'agit pas d'un code à six chiffres.",
          "password": "Mot de passe",
          "queue_delay": "Secondes à attendre pour mettre les commandes en file d'attente ensemble",
          "scan_interval": "Secondes entre les analyses",
          "securitycode": "Code 2FA (recommandé pour éviter les problèmes de connexion)",
          "url": "Domaine de la région Amazon (exemple, amazon.fr)"
        },
        "description": "Veuillez confirmer les informations ci-dessous. Pour la configuration héritée, désactivez l'option \"Utiliser la méthode de proxy de connexion\".",
        "title": "Alexa Media Player - Configuration"
      }
    }
  },
  "options": {
    "step": {
      "init": {
        "data": {
          "debug": "Débogage avancé",
          "exclude_devices": "Appareil exclu (séparé par des virgules)",
          "extended_entity_discovery": "Inclure les appareils connectés via Echo",
          "hass_url": "URL publique pour accéder à Home Assistant (y compris le '/' final)",
          "include_devices": "Appareil inclus (séparé par des virgules)",
          "public_url": "URL publique pour accéder à Home Assistant (y compris le '/' final)",
          "queue_delay": "Secondes à attendre pour mettre les commandes en file d'attente ensemble",
          "scan_interval": "Secondes entre les analyses"
        },
        "description": "Requis *",
        "title": "Alexa Media Player – Reconfiguration"
      }
    }
  },
  "services": {
    "clear_history": {
      "description": "Effacez les dernières entrées de l'historique Alexa Voice pour chaque compte Alexa.",
      "fields": {
        "email": {
          "description": "Comptes à effacer. Si vide, cela effacera tout.",
          "name": "Adresse email"
        },
        "entries": {
          "description": "Nombre d'entrées à effacer de 1 à 50. Si vide, cela en effacera 50.",
          "name": "Nombre d'entrées"
        }
      },
      "name": "Effacer l'historique vocal d'Amazon"
    },
    "force_logout": {
      "description": "Forcer le compte à se déconnecter. Utilisé principalement pour le débogage.",
      "fields": {
        "email": {
          "description": "Comptes à effacer. Laisser à vide effacera tout.",
          "name": "Adresse email"
        }
      },
      "name": "Forcer la déconnexion"
    },
    "update_last_called": {
      "description": "Force la mise à jour du dernier périphérique Echo appelé pour chaque compte Alexa.",
      "fields": {
        "email": {
          "description": "Liste des comptes Alexa à mettre à jour. Si vide, mettra à jour tous les comptes connus.",
          "name": "Adresse email"
        }
      },
      "name": "Mettre à jour le dernier capteur appelé"
    }
  }
}
