{
  "config": {
    "abort": {
      "forgot_password": "「パスワードを忘れた場合」ページが検出されました。これは通常、ログインに何度も失敗した結果です。Amazonでは、再ログインを試みる前に対応を求める場合があります。",
      "login_failed": "Alexa Media Playerがログインに失敗しました。",
      "reauth_successful": "Alexa Media Playerは正常に再認証されました。Home Assistant からの \"Aborted\" メッセージは無視してください。"
    },
    "error": {
      "2fa_key_invalid": "無効な Built-In 2FA key",
      "connection_error": "接続エラー：ネットワークを確認して再試行してください",
      "identifier_exists": "Alexa URLのメールアドレスはすでに登録されています",
      "invalid_credentials": "無効な資格情報",
      "invalid_url": "URL が無効です：{message}",
      "unable_to_connect_hass_url": "Home Assistant URL に接続できません。[設定] -> [全般] の [外部 URL] を確認してください。",
      "unknown_error": "不明なエラー：{message}"
    },
    "step": {
      "proxy_warning": {
        "data": {
          "proxy_warning": "無視して続行 - この警告を回避するためのログイン問題のサポートは提供されていないことを理解しています。"
        },
        "description": "Home Assistant サーバーへ、指定された URL {hass_url}で接続できません。 \n> {error}\n\nこの問題を解決するには、あなたのHome Assistant サーバーに{hass_url}でアクセスできることを確認してください。このフィールドは、[設定] -> [全般] の [外部 URL] からのものですが、内部 URL を試すこともできます。クライアントがこの URL にアクセスできることが 確実であれば、この警告をバイパスできます。",
        "title": "Alexa Media Player - Home Assistant URLに接続できません"
      },
      "totp_register": {
        "data": {
          "registered": "Built-in 2FA App KeyからのOTPが正常に確認されました。"
        },
        "description": "** {email} - alexa. {url} **\nAmazon のBuilt-in 2FA App Keyからの OTP を正常に確認しましたか? \n>OTP コード{message}",
        "title": "Alexa Media Player - OTP 確認"
      },
      "user": {
        "data": {
          "debug": "高度なデバッグ",
          "email": "メールアドレス",
          "exclude_devices": "除外するデバイス（カンマ区切り）",
          "extended_entity_discovery": "Echo経由で接続されたデバイスを含める",
          "hass_url": "Home AssistantにアクセスするためのURL",
          "include_devices": "含まれるデバイス（カンマ区切り）",
          "otp_secret": "Built-in 2FA App Key (自動生成 2FA コード). これは6桁ではありません。",
          "password": "パスワード",
          "queue_delay": "コマンドをキューにまとめて待機させる秒数",
          "scan_interval": "スキャン間隔秒数",
          "securitycode": "[%key_id:55616596%]",
          "url": "Amazon 地域ドメイン (例: amazon.co.jp)"
        },
        "description": "以下の情報を確認してください。レガシー構成の場合は、`Use Login Proxy method`オプションを無効にしてください。",
        "title": "Alexa Media Player - 設定"
      }
    }
  },
  "options": {
    "step": {
      "init": {
        "data": {
          "debug": "高度なデバッグ",
          "exclude_devices": "除外するデバイス（カンマ区切り）",
          "extended_entity_discovery": "Echo経由で接続されたデバイスを含める",
          "hass_url": "Home Assistant にアクセスするための公開URL (末尾の '/' を含む)",
          "include_devices": "含まれるデバイス（カンマ区切り）",
          "public_url": "Home Assistant にアクセスするための公開URL (末尾の '/' を含む)",
          "queue_delay": "コマンドをキューにまとめて待機させる秒数",
          "scan_interval": "スキャン間隔秒数"
        },
        "description": "必須 *",
        "title": "Alexa Media Player - 再設定"
      }
    }
  },
  "services": {
    "clear_history": {
      "description": "各AlexaアカウントのAlexa音声履歴から最後のエントリを消去します。",
      "fields": {
        "email": {
          "description": "削除するアカウント 空にするとすべて削除されます",
          "name": "メールアドレス"
        },
        "entries": {
          "description": "クリアするエントリー数 (1〜50個)。空の場合は50個をクリア。",
          "name": "エントリー数"
        }
      },
      "name": "Amazon音声履歴を消去"
    },
    "force_logout": {
      "description": "アカウントを強制的にログアウトさせます (主にデバッグに使用します)",
      "fields": {
        "email": {
          "description": "削除するアカウント 空にするとすべて削除されます",
          "name": "メールアドレス"
        }
      },
      "name": "強制ログアウト"
    },
    "update_last_called": {
      "description": "各Alexaアカウントの最後に呼び出されたEchoデバイスを強制的に更新します。",
      "fields": {
        "email": {
          "description": "更新する Alexa アカウントの一覧。空の場合、既知のすべてのアカウントが更新されます。",
          "name": "メールアドレス"
        }
      },
      "name": "最後に呼び出されたセンサーを更新"
    }
  }
}
