{
  "config": {
    "abort": {
      "forgot_password": "The Forgot Password page was detected. This normally is the result of too may failed logins. Amazon may require action before a relogin can be attempted.",
      "login_failed": "Alexa Media Player failed to login.",
      "reauth_successful": "Alexa Media Player successfully reauthenticated."
    },
    "error": {
      "2fa_key_invalid": "Invalid Built-In 2FA key",
      "connection_error": "Fout bij verbinden; controleer netwerk en probeer opnieuw",
      "identifier_exists": "Dit e-mailadres is reeds geregistreerd",
      "invalid_credentials": "Ongeldige inloggegevens",
      "invalid_url": "URL is ongeldig: {message}",
      "unable_to_connect_hass_url": "Kan geen verbinding maken met de Home Assistant-url. Controleer de externe URL onder Configuratie - > Algemeen",
      "unknown_error": "Onbekende fout, meld de loggegevens"
    },
    "step": {
      "proxy_warning": {
        "data": {
          "proxy_warning": "Ignore and Continue - I understand that no support for login issues are provided for bypassing this warning."
        },
        "description": "The HA server cannot connect to the URL provided: {hass_url}.\n> {error}\n\nTo fix this, please confirm your **HA server** can reach {hass_url}. This field is from the External Url under Configuration -> General but you can try your internal url.\n\nIf you are **certain** your client can reach this url, you can bypass this warning.",
        "title": "Alexa Media Player - Unable to Connect to HA URL"
      },
      "totp_register": {
        "data": {
          "registered": "OTP from the Built-in 2FA App Key confirmed successfully."
        },
        "description": "**{email} - alexa.{url}**  \nHave you successfully confirmed an OTP from the Built-in 2FA App Key with Amazon?  \n >OTP Code {message}",
        "title": "Alexa Media Player - OTP Confirmation"
      },
      "user": {
        "data": {
          "debug": "Geavanceerd debuggen",
          "email": "E-mailadres",
          "exclude_devices": "Apparaten uitsluiten (Scheiding: komma)",
          "extended_entity_discovery": "Include devices connected via Echo",
          "hass_url": "Url to access Home Assistant",
          "include_devices": "Apparaten toevoegen (Scheiding: komma)",
          "otp_secret": "Built-in 2FA App Key (automatically generate 2FA Codes)",
          "password": "Paswoord",
          "queue_delay": "Seconden om te wachten om opdrachten in de wachtrij te plaatsen",
          "scan_interval": "Aantal seconden tussen scans",
          "securitycode": "2FA Code (recommended to avoid login issues)",
          "url": "Domeinnaam van Amazon regio (bv.amazon.co.uk)"
        },
        "description": "Vul je gegevens in a.u.b.",
        "title": "Alexa Media Player - Configuratie"
      }
    }
  },
  "options": {
    "step": {
      "init": {
        "data": {
          "debug": "Geavanceerd debuggen",
          "exclude_devices": "Apparaten uitsluiten (Scheiding: komma)",
          "extended_entity_discovery": "Inclusief apparaten die zijn verbonden via Echo",
          "hass_url": "Openbare URL om toegang te krijgen tot Home Assistant (inclusief afsluitende '/')",
          "include_devices": "Apparaten toevoegen (Scheiding: komma)",
          "public_url": "Openbare URL om toegang te krijgen tot Home Assistant (inclusief afsluitende '/')",
          "queue_delay": "Seconden om te wachten om opdrachten in de wachtrij te plaatsen",
          "scan_interval": "Aantal seconden tussen scans"
        },
        "description": "Required *",
        "title": "Alexa Media Player - Reconfiguration"
      }
    }
  },
  "services": {
    "clear_history": {
      "description": "Clear last entries from Alexa Voice history for each Alexa account.",
      "fields": {
        "email": {
          "description": "Accounts to clear. Empty will clear all.",
          "name": "Email address"
        },
        "entries": {
          "description": "Number of entries to clear from 1 to 50. If empty, clear 50.",
          "name": "Number of Entries"
        }
      },
      "name": "Clear Amazon Voice History"
    },
    "force_logout": {
      "description": "Force account to logout. Used mainly for debugging.",
      "fields": {
        "email": {
          "description": "Accounts to clear. Empty will clear all.",
          "name": "Email address"
        }
      },
      "name": "Force Logout"
    },
    "update_last_called": {
      "description": "Forces update of last_called echo device for each Alexa account.",
      "fields": {
        "email": {
          "description": "List of Alexa accounts to update. If empty, will update all known accounts.",
          "name": "Email address"
        }
      },
      "name": "Update Last Called Sensor"
    }
  }
}
