{
  "config": {
    "abort": {
      "forgot_password": "Wykryto stronę Zapomniałem hasła. Zwykle jest to wynikiem również nieudanych prób logowania. Amazon może wymagać podjęcia działań przed próbą ponownego logowania.",
      "login_failed": "Alexa Media Player nie może się zalogować.",
      "reauth_successful": "Alexa Media Player pomyślnie uwierzytelniona."
    },
    "error": {
      "2fa_key_invalid": "Nieprawidłowy klucz z wbudowanej aplikacji uwierzytelniania dwuskładnikowego",
      "connection_error": "Błąd podczas łączenia; sprawdź sieć i spróbuj ponownie",
      "identifier_exists": "Adres e-mail dla Alexy już jest zarejestrowany",
      "invalid_credentials": "Nieprawidłowe dane logowania",
      "invalid_url": "URL jest nieprawidłowy: {message}",
      "unable_to_connect_hass_url": "Nie można połączyć się z adresem URL Home Assistanta. Sprawdź wewnętrzny adres URL w sekcji Konfiguracja -> Ogólne",
      "unknown_error": "Nieznany błąd: {message}"
    },
    "step": {
      "proxy_warning": {
        "data": {
          "proxy_warning": "Ignore and Continue - I understand that no support for login issues are provided for bypassing this warning."
        },
        "description": "The HA server cannot connect to the URL provided: {hass_url}.\n> {error}\n\nTo fix this, please confirm your **HA server** can reach {hass_url}. This field is from the External Url under Configuration -> General but you can try your internal url.\n\nIf you are **certain** your client can reach this url, you can bypass this warning.",
        "title": "Alexa Media Player - Unable to Connect to HA URL"
      },
      "totp_register": {
        "data": {
          "registered": "Hasło jednorazowe z wbudowanej aplikacji uwierzytelniania dwuskładnikowego potwierdzone pomyślnie."
        },
        "description": "**{email} - alexa.{url}**  \nCzy pomyślnie potwierdziłeś hasło jednorazowe z wbudowanej aplikacji uwierzytelniania dwuskładnikowego z Amazonu? \n >Kod hasła jednorazowego {message}",
        "title": "Alexa Media Player - Potwierdzanie hasła jednorazowego"
      },
      "user": {
        "data": {
          "debug": "Zaawansowane debugowanie",
          "email": "Adres e-mail",
          "exclude_devices": "Wykluczone urządzenia (oddzielone przecinkami)",
          "extended_entity_discovery": "Include devices connected via Echo",
          "hass_url": "URL dostępu do Home Assistanta",
          "include_devices": "Dodawane urządzenia (oddzielone przecinkami)",
          "otp_secret": "Wbudowana aplikacja kluczy uwierzytelniania dwuskładnikowego (automatycznie generuje kody uwierzytelniania dwuskładnikowego)",
          "password": "Hasło",
          "queue_delay": "Sekundy oczekiwania na kolejkowanie poleceń",
          "scan_interval": "Interwał skanowania (sekundy)",
          "securitycode": "Kod uwierzytelniania dwuskładnikowego (zalecany w celu uniknięcia problemów z logowaniem)",
          "url": "Region/domena Amazon (np. amazon.co.uk)"
        },
        "description": "Potwierdź poniższe informacje.",
        "title": "Alexa Media Player — konfiguracja"
      }
    }
  },
  "options": {
    "step": {
      "init": {
        "data": {
          "debug": "Zaawansowane debugowanie",
          "exclude_devices": "Wykluczone urządzenia (oddzielone przecinkami)",
          "extended_entity_discovery": "Uwzględnij urządzenia podłączone przez Echo",
          "hass_url": "Publiczny URL do dostępu do Home Assistant (z końcowym '/')",
          "include_devices": "Dodawane urządzenia (oddzielone przecinkami)",
          "public_url": "Publiczny URL do dostępu do Home Assistant (z końcowym '/')",
          "queue_delay": "Sekundy oczekiwania na kolejkowanie poleceń",
          "scan_interval": "Interwał skanowania (sekundy)"
        },
        "description": "Required *",
        "title": "Alexa Media Player - Reconfiguration"
      }
    }
  },
  "services": {
    "clear_history": {
      "description": "Clear last entries from Alexa Voice history for each Alexa account.",
      "fields": {
        "email": {
          "description": "Accounts to clear. Empty will clear all.",
          "name": "Email address"
        },
        "entries": {
          "description": "Number of entries to clear from 1 to 50. If empty, clear 50.",
          "name": "Number of Entries"
        }
      },
      "name": "Clear Amazon Voice History"
    },
    "force_logout": {
      "description": "Force account to logout. Used mainly for debugging.",
      "fields": {
        "email": {
          "description": "Accounts to clear. Empty will clear all.",
          "name": "Email address"
        }
      },
      "name": "Force Logout"
    },
    "update_last_called": {
      "description": "Forces update of last_called echo device for each Alexa account.",
      "fields": {
        "email": {
          "description": "List of Alexa accounts to update. If empty, will update all known accounts.",
          "name": "Email address"
        }
      },
      "name": "Update Last Called Sensor"
    }
  }
}
