{
  "config": {
    "abort": {
      "forgot_password": "A página 'Esqueci a senha' foi detectada. Normalmente, isso é o resultado de logins que falharam. A Amazon pode exigir uma ação antes que um relogin possa ser tentado.",
      "login_failed": "Alexa Media Player não conseguiu fazer o login.",
      "reauth_successful": "Alexa Media Player reautenticado com sucesso. Por favor, ignore a mensagem \"Aborted\" do HA."
    },
    "error": {
      "2fa_key_invalid": "Chave 2FA integrada inválida",
      "connection_error": "Erro ao conectar; verifique a rede e tente novamente",
      "identifier_exists": "E-mail para URL Alexa já registado",
      "invalid_credentials": "Credenciais inválidas",
      "invalid_url": "O URL é inválido: {message}",
      "unable_to_connect_hass_url": "Não foi possível conectar ao URL do Home Assistant. Verifique o URL interno em Configuração - > Geral",
      "unknown_error": "Erro desconhecido: {message}"
    },
    "step": {
      "proxy_warning": {
        "data": {
          "proxy_warning": "Ignore e Continue - Entendo que não há suporte para problemas de login para ignorar este aviso."
        },
        "description": "O servidor de alta disponibilidade não pode se conectar ao URL fornecido: {hass_url} .\n > {error} \n\n Para corrigir isso, confirme se seu **servidor HA** pode alcançar {hass_url} . Este campo é do URL externo em Configuração - > Geral, mas você pode tentar seu URL interno. \n\n Se você tiver **certeza** de que seu cliente pode acessar esse URL, ignore este aviso.",
        "title": "Alexa Media Player - Não é possível conectar ao URL de alta disponibilidade"
      },
      "totp_register": {
        "data": {
          "registered": "Senha de uso único do aplicativo 2FA integrado confirmado com sucesso."
        },
        "description": "** {email} - alexa. {url} **\n Você confirmou com sucesso uma senha de uso único na aplicação 2FA integrada com a Amazon?\n > Código OTP {message}",
        "title": "Alexa Media Player - Confirmação OTP"
      },
      "user": {
        "data": {
          "debug": "Depuração avançada",
          "email": "Endereço de e-mail",
          "exclude_devices": "Dispositivo excluído (separado por vírgula)",
          "extended_entity_discovery": "Incluir dispositivos conectados via Echo",
          "hass_url": "URL para aceder o Home Assistant",
          "include_devices": "Dispositivo incluído (separado por vírgula)",
          "otp_secret": "Chave de aplicativo 2FA integrada (gera códigos 2FA automaticamente). Isso não tem seis dígitos.",
          "password": "Senha",
          "queue_delay": "Segundos de espera para agrupar comandos",
          "scan_interval": "Segundos entre análises",
          "securitycode": "Código 2FA (recomendado para evitar problemas de login)",
          "url": "Região do domínio Amazon (ex. amazon.com.br)"
        },
        "description": "Por favor, confirme as informações abaixo. Para configuração legada, desative a opção `Usar método de proxy de login`.",
        "title": "Alexa Media Player - Configuração"
      }
    }
  },
  "options": {
    "step": {
      "init": {
        "data": {
          "debug": "Depuração avançada",
          "exclude_devices": "Dispositivo excluído (separado por vírgula)",
          "extended_entity_discovery": "Inclui dispositivos conectados via Echo",
          "hass_url": "URL público para aceder ao Home Assistant (incluindo o '/' no final)",
          "include_devices": "Dispositivo incluído (separado por vírgula)",
          "public_url": "URL público para aceder ao Home Assistant (incluindo o '/' no final)",
          "queue_delay": "Segundos de espera para agrupar comandos",
          "scan_interval": "Segundos entre análises"
        },
        "description": "Obrigatório *",
        "title": "Alexa Media Player - Reconfiguração"
      }
    }
  },
  "services": {
    "clear_history": {
      "description": "Limpe as últimas entradas do histórico do Alexa Voice para cada conta Alexa.",
      "fields": {
        "email": {
          "description": "Contas a limpar. Vazio vai limpar tudo.",
          "name": "Endereço de email"
        },
        "entries": {
          "description": "Número de entradas a limpar de 1 a 50. Se estiver vazio, limpe 50.",
          "name": "Número de entradas"
        }
      },
      "name": "Limpar histórico de voz da Amazon"
    },
    "force_logout": {
      "description": "Forçar o logout da conta. Usado principalmente para depuração.",
      "fields": {
        "email": {
          "description": "Contas a limpar. Vazio vai limpar tudo.",
          "name": "Endereço de email"
        }
      },
      "name": "Forçar logout"
    },
    "update_last_called": {
      "description": "Força a atualização do dispositivo de echo last_called para cada conta Alexa.",
      "fields": {
        "email": {
          "description": "Lista de contas Alexa para atualizar. Se estiver vazio, atualizará todas as contas conhecidas.",
          "name": "Endereço de email"
        }
      },
      "name": "Atualizar último sensor chamado"
    }
  }
}
