{
  "config": {
    "abort": {
      "forgot_password": "The Forgot Password page was detected. This normally is the result of too may failed logins. Amazon may require action before a relogin can be attempted.",
      "login_failed": "Alexa Media Player failed to login.",
      "reauth_successful": "Alexa 媒体播放器已成功重新验证。请忽略来自 HA 的“Aborted”消息。"
    },
    "error": {
      "2fa_key_invalid": "Invalid Built-In 2FA key",
      "connection_error": "连接错误；检查网络并重试",
      "identifier_exists": "Alexa URL的电子邮件已注册",
      "invalid_credentials": "Invalid credentials",
      "invalid_url": "URL 无效： {message}",
      "unable_to_connect_hass_url": "无法连接到 Home Assistant 网址。请检查配置下的外部 URL - >常规",
      "unknown_error": "未知错误： {message}"
    },
    "step": {
      "proxy_warning": {
        "data": {
          "proxy_warning": "忽略并继续 - 我了解不提供对登录问题的支持来绕过此警告。"
        },
        "description": "HA 服务器无法连接到提供的 URL： {hass_url} 。\n > {error} \n\n要解决此问题，请确认您的 **HA 服务器** 可以访问{hass_url} 。此字段来自配置 - >常规下的外部 URL，但您可以尝试使用内部 URL。 \n\n如果您**确定**您的客户可以访问此网址，则可以绕过此警告。",
        "title": "Alexa 媒体播放器 - 无法连接到 HA URL"
      },
      "totp_register": {
        "data": {
          "registered": "OTP from the Built-in 2FA App Key confirmed successfully."
        },
        "description": "**{email} - alexa.{url}**  \nHave you successfully confirmed an OTP from the Built-in 2FA App Key with Amazon?  \n >OTP Code {message}",
        "title": "Alexa Media Player - OTP Confirmation"
      },
      "user": {
        "data": {
          "debug": "高级调试",
          "email": "电子邮件地址",
          "exclude_devices": "Excluded device (comma separated)",
          "extended_entity_discovery": "包括通过 Echo 连接的设备",
          "hass_url": "Url to access Home Assistant",
          "include_devices": "Included device (comma separated)",
          "otp_secret": "内置 2FA App Key（自动生成 2FA 代码）。这不是六位数长。",
          "password": "密码",
          "queue_delay": "Seconds to wait to queue commands together",
          "scan_interval": "Seconds between scans",
          "securitycode": "2FA Code (recommended to avoid login issues)",
          "url": "Amazon region domain (e.g., amazon.co.uk)"
        },
        "description": "请确认以下信息。对于旧配置，请禁用“使用登录代理方法”选项。",
        "title": "Alexa Media Player-配置"
      }
    }
  },
  "options": {
    "step": {
      "init": {
        "data": {
          "debug": "高级调试",
          "exclude_devices": "Excluded device (comma separated)",
          "extended_entity_discovery": "包括通过 Echo 连接的设备",
          "hass_url": "访问Home Assistant的公共URL（包括尾随的'/'）",
          "include_devices": "Included device (comma separated)",
          "public_url": "访问Home Assistant的公共URL（包括尾随的'/'）",
          "queue_delay": "Seconds to wait to queue commands together",
          "scan_interval": "Seconds between scans"
        },
        "description": "Required *",
        "title": "Alexa Media Player - Reconfiguration"
      }
    }
  },
  "services": {
    "clear_history": {
      "description": "清除每个 Alexa 帐户的 Alexa Voice 历史记录中的最后条目。",
      "fields": {
        "email": {
          "description": "Accounts to clear. Empty will clear all.",
          "name": "电子邮件地址"
        },
        "entries": {
          "description": "要清除的条目数从 1 到 50。如果为空，则清除 50。",
          "name": "参赛作品数量"
        }
      },
      "name": "清除 Amazon 语音历史记录"
    },
    "force_logout": {
      "description": "强制帐户注销。主要用于调试。",
      "fields": {
        "email": {
          "description": "Accounts to clear. Empty will clear all.",
          "name": "电子邮件地址"
        }
      },
      "name": "强制注销"
    },
    "update_last_called": {
      "description": "强制更新每个 Alexa 帐户的 last_called 回声设备。",
      "fields": {
        "email": {
          "description": "要更新的 Alexa 帐户列表。如果为空，将更新所有已知帐户。",
          "name": "电子邮件地址"
        }
      },
      "name": "Update Last Called Sensor"
    }
  }
}
